USER_ID;UPDATED_AT;ADDRESS_ID;LAST_NAME;CREATED_AT;PHONE_NUMBER;TOTAL_ORDERS;FIRST_NAME;EMAIL
02414bff-285d-4008-9352-ad50839b729f;2020-04-28 18:59:34.000;1c6e9a5c-3fa8-4ac5-a4fe-5159a187c293;Terran;2020-02-22 18:55:58.000;611-363-2349;NULL;Consalve;cterrans@networksolutions.com
0babae9e-2656-4dcb-b454-47d88d47c920;2020-12-31 14:55:20.000;e6572a36-e4ae-4daa-8c05-692490c310a1;Kinnane;2020-10-18 13:52:20.000;381-895-7460;NULL;Anthony;akinnane1b@edublogs.org
1084cc0c-3ee1-42d2-aa29-368474bd1579;2020-10-02 18:12:48.000;dfc2941f-aef1-4c70-a7f6-8105dda578f5;Lenham;2020-08-31 16:43:25.000;991-354-9667;NULL;Angelico;alenhamj@google.nl
1550e197-9073-408e-a1ca-08f9dbac7f7a;2020-06-11 10:14:20.000;1a61a755-cf38-43cd-be0d-7babfe8aaa26;Drezzer;2020-04-08 09:09:17.000;809-351-2382;NULL;Mark;mdrezzer1j@shareasale.com
1690815f-a96f-4f41-af89-bde6e90ad560;2020-07-08 23:51:35.000;957af504-cee3-4f3a-8f5a-eb5a5bd23b16;Kesley;2020-06-07 22:33:48.000;130-905-6508;NULL;Lorne;lkesley1r@yale.edu
17c49262-1f0c-46d1-a6ba-bacc19f08a86;2020-09-07 22:26:14.000;a81e134c-8135-44ab-bda4-66b29e5175ca;Limer;2020-08-11 21:20:35.000;633-889-7859;NULL;Jacobo;jlimer2u@webeden.co.uk
19ac513f-b77e-4808-ade4-284ece721d91;2020-06-06 13:37:40.000;91cdd4ef-b40f-48e0-b2f3-95b8620955eb;Perone;2020-03-03 11:46:07.000;810-259-4812;NULL;Inez;iperone1w@google.it
1df78ad9-9493-4ce9-b1ad-776f26650417;2020-01-15 03:39:23.000;7ae529bf-b9d0-47ee-acd0-d55e0e6a0d32;Chamberlen;2020-01-05 03:27:27.000;659-441-8682;NULL;Monro;mchamberleng@msn.com
1e06f0d8-776e-4309-92ec-f9f54d1d1679;2020-06-17 00:33:17.000;a4fbed7c-7bdd-465d-bdcd-ab0c4c68f300;Bleakman;2020-05-30 21:58:28.000;110-825-5215;NULL;Tricia;tbleakman39@archive.org
1fada2e4-1018-48f1-84dc-802dc99171fe;2020-12-19 15:41:24.000;2ccdea45-e41c-4845-8252-50c2f568e0db;Winkell;2020-10-12 15:24:08.000;508-469-7243;NULL;Cherida;cwinkell1u@zdnet.com
20e2eaa5-e8b9-4675-bc3b-11c048b060d9;2020-12-30 02:11:47.000;118d2c47-6c92-44b3-a52a-c58dac57adf2;Sibbs;2020-11-21 00:16:31.000;733-820-7326;NULL;Sari;ssibbs1a@drupal.org
2816d806-e7b2-4721-a197-a60bd3082f35;2020-12-31 23:04:33.000;fb0c8410-558a-4a65-bc50-6f82c32c7d1a;Grelik;2020-10-23 22:33:32.000;695-724-4222;NULL;Catie;cgrelik1h@webeden.co.uk
29246f52-de26-4867-b464-7c5973526202;2020-09-19 07:18:24.000;965dbeea-a6d5-467d-9683-914b744ad1ef;McGovern;2020-07-11 05:36:32.000;527-103-3044;NULL;Chico;cmcgovernr@apple.com
2a6f290c-40f8-4705-89d9-e8aeb6a4fa7b;2021-03-05 06:12:05.000;ed96dbd0-193e-4906-ae8b-904f50bcb57a;Sheerin;2020-12-21 03:44:13.000;600-138-0137;NULL;Darren;dosheerin1g@com.com
2bfd97fc-be3c-4137-8996-b44907a368d2;2020-12-14 13:08:00.000;3a286955-76c1-4b50-b5fc-61e4e4e3be4d;Dictus;2020-11-23 11:00:57.000;792-890-2241;NULL;Paulita;pdictus2d@chron.com
2c696f6a-3988-4cdb-a9a0-5c464e2ce19a;2020-06-20 02:21:52.000;027e0a9d-2bb0-4247-8989-365339741a93;Josefson;2020-03-28 23:39:41.000;475-726-5577;NULL;Lexine;ljosefson30@parallels.com
2d90a679-c85d-4299-86dd-2319424fcc15;2020-03-28 23:47:23.000;89ab3752-1119-4f9e-9766-0d6883501434;McCart;2020-01-13 22:12:46.000;154-207-6444;NULL;Margareta;mmccart2x@nature.com
2f0a3789-41ac-4732-bf29-b3ea5f4ed831;2020-07-29 01:10:11.000;b8f77f86-d46a-412a-9dce-7b458a34618d;Markie;2020-07-27 00:38:22.000;580-899-5634;NULL;Finley;fmarkie27@github.io
30a46555-66f8-4dd3-946f-dacc9bd6d0c2;2020-11-18 19:05:00.000;bffd2205-2234-4d52-8ec6-60ca76d18cf0;Mazonowicz;2020-09-28 18:31:06.000;442-383-3334;NULL;Jilleen;jmazonowicz1y@blogspot.com
366bd18f-6a16-4f39-9177-080c11ce9f25;2020-12-24 09:30:12.000;44f03e5e-c121-44dd-80e2-b2d18860d57a;Fennelly;2020-11-14 09:11:15.000;527-802-6122;NULL;Janaya;jfennelly1v@altervista.org
376bc5b4-cb91-4fa3-9083-7dd7f1caa872;2020-07-06 04:16:47.000;959fc946-4baf-457f-8290-2a7d0e7fc3f7;Berthot;2020-06-10 03:19:59.000;199-134-9973;NULL;Engracia;eberthot3i@columbia.edu
393de08c-725c-457a-a591-16030480eb80;2021-01-19 10:53:15.000;96a40097-0030-4509-bb52-b3251fdef2b6;Harrop;2020-12-18 10:25:20.000;215-651-1811;NULL;Reg;rharrop6@naver.com
4115e7da-5892-4eef-9f39-705626158c7f;2021-03-05 08:36:51.000;71aa45c1-ce05-43b5-a52a-6145ab435c69;Fogg;2020-12-07 07:32:16.000;293-265-0730;NULL;Dorena;dfoggx@trellian.com
4136ab42-d31d-4f07-b3ef-6d63526b769b;2021-01-18 01:46:46.000;dc7345f9-9c6b-45d5-a633-a07a4a355104;Witcomb;2020-11-30 23:26:24.000;514-761-1957;NULL;Chris;cwitcomb3g@bloomberg.com
4340de09-99b5-451b-ada3-168228a08cf9;2020-09-24 11:05:33.000;eda39524-e26b-46b0-b628-af063f46f3d9;Prophet;2020-08-24 10:00:49.000;434-163-7555;NULL;Doti;dprophetq@g.co
44b36e47-f501-4328-9df5-927222167a3d;2020-06-10 03:23:12.000;e71bd22e-7711-405f-9d7e-2a7824d68a6a;Aspenlon;2020-05-07 02:01:09.000;466-696-6099;NULL;Grete;gaspenlon2i@disqus.com
467a047e-c8df-4304-8fc9-949acd7bcf4a;2020-05-12 17:19:14.000;1a61a755-cf38-43cd-be0d-7babfe8aaa26;Sperski;2020-03-29 14:50:21.000;577-779-1973;NULL;Maris;msperski8@comsenz.com
489039b3-4092-4ed0-9065-b87573c26f21;2021-03-10 00:27:34.000;b3315b61-f1a6-4dbc-b08b-d65b38aa6f77;Bande;2020-12-26 22:51:34.000;898-928-8566;NULL;Sterling;sbande11@cpanel.net
48c5ab18-4e44-40cb-8776-a19da0a86ffa;2020-12-18 18:53:50.000;d3dfe1e5-6826-49fe-9bfb-ef1022a20520;Jerrard;2020-11-16 18:26:26.000;545-551-5883;NULL;Yanaton;yjerrard1k@printfriendly.com
48ebf150-7cb7-4358-a5ef-1a2b0aa831b9;2020-05-21 00:40:56.000;db3e2e70-32f5-4f13-8302-63127ca0e3a8;Costa;2020-04-19 22:23:35.000;487-811-6882;NULL;Minni;mcostay@paginegialle.it
48fd8fef-ef87-4609-aac6-a8495b2feb50;2020-02-16 12:52:34.000;edd6e563-bce1-4c84-859d-31cae681f40b;Shearer;2020-01-19 12:49:10.000;545-220-4390;NULL;Washington;wshearer17@mail.ru
4d3c9f53-0667-4a80-8259-12200fe75761;2020-04-25 05:59:42.000;874cd4e2-37d0-4e30-9773-0f9dcfa26838;Daudray;2020-04-20 03:34:43.000;489-628-5623;NULL;Beale;bdaudray22@marketwatch.com
4dae48a6-8206-46eb-b629-fec4a99306ec;2020-09-23 22:13:25.000;957af504-cee3-4f3a-8f5a-eb5a5bd23b16;Joiris;2020-07-07 19:58:24.000;599-156-0844;NULL;Cordell;cjoiris2o@home.pl
4fe02f4f-f3d6-4068-853d-158cc64f0c65;2020-04-02 05:38:57.000;b5d85492-b403-4f52-a42b-4363716f4cfb;Rays;2020-01-21 03:34:40.000;980-177-3162;NULL;Matty;mraysk@vinaora.com
51d453ca-8147-49eb-a874-8139855727e7;2020-03-30 12:54:44.000;118d2c47-6c92-44b3-a52a-c58dac57adf2;Wallentin;2020-02-11 10:30:18.000;526-580-6252;NULL;Hermon;hwallentina@google.fr
520baa4f-ee70-420b-96c9-37e3c4238f43;2020-07-23 16:25:54.000;4d9d28c3-6e38-48e7-9960-f244a3e72d9d;Varsey;2020-06-27 15:21:37.000;523-696-5217;NULL;Val;vvarsey23@prnewswire.com
525d85ad-6277-4500-9701-9afbf9785ad3;2020-09-01 02:59:36.000;7ae529bf-b9d0-47ee-acd0-d55e0e6a0d32;Hargrave;2020-07-04 00:39:20.000;943-971-8497;NULL;Christina;chargravez@tumblr.com
5555f2b6-d408-419f-aa60-22c0f0440f50;2020-06-14 22:18:30.000;cdc9b750-8081-441d-9905-339732cbdc4a;Presland;2020-04-08 20:25:35.000;284-253-2664;NULL;Eb;epresland1e@rediff.com
58367695-0c22-415d-9704-bd8f73bb2e8f;2020-04-19 06:53:27.000;63260a1e-947f-42fe-b11f-12cea08830b6;Corness;2020-03-13 04:24:53.000;116-219-3903;NULL;Eileen;ecorness3h@noaa.gov
5943d612-56e1-449a-b891-c501bcea5c34;2020-07-09 07:11:21.000;5eadcadd-a524-443f-8fcb-d0ef1981da0a;Glisenan;2020-04-18 06:27:22.000;551-716-3772;NULL;Noellyn;nglisenand@gmpg.org
5951d1d2-614e-4557-a2de-8298a1e4b179;2020-04-24 05:20:05.000;541b6c57-e5f2-4da7-baed-755e425a04d4;Kipling;2020-04-21 05:15:31.000;361-311-1881;NULL;Marla;mkipling18@engadget.com
5a9d6641-6ca6-48f0-af45-f411750f611a;2021-01-09 15:38:24.000;9285957a-e1fd-4205-960e-f739a9c7dfd2;Cartledge;2020-12-17 13:52:25.000;421-237-6728;NULL;Ariel;acartledgeo@ucoz.com
5de439eb-6bc7-4fc2-ba0e-a3bf8a286d63;2020-08-29 02:52:44.000;2ccdea45-e41c-4845-8252-50c2f568e0db;Tulip;2020-06-28 01:50:24.000;653-493-4297;NULL;Ennis;etulip3l@histats.com
5eb03e58-d3d1-47f9-87bc-b0184556c02d;2020-06-10 05:32:40.000;6b49d7c6-6ede-4a8a-ade1-ec5888c7ce14;Isacoff;2020-05-13 03:42:00.000;833-768-7276;NULL;Violet;visacoffm@ebay.co.uk
5f9b23fe-4253-4677-8ecd-1b27366a5830;2020-08-15 21:04:04.000;609af927-16f8-450a-ade4-1e06724e9feb;Backshill;2020-05-16 19:05:58.000;819-228-6044;NULL;Fredra;fbackshill2g@ox.ac.uk
5faf7aa9-ca1a-44b6-bc00-5954bc39cc91;2021-01-27 23:27:06.000;ea7dd7ad-1905-4873-9890-f1aa90439a29;Tacey;2020-10-21 21:20:52.000;524-924-2441;NULL;Roderich;rtacey1z@adobe.com
60bc96e0-dcf5-438d-8e11-7ab3f6ac6e96;2020-10-07 18:31:34.000;902bcb47-051b-4375-9dc0-485b3172b89b;Vinck;2020-09-09 17:09:47.000;961-585-2011;NULL;Floyd;fvinck3d@samsung.com
62c29c95-e8ec-4b77-a7fa-550820017bff;2020-11-27 17:34:20.000;4a9bcc05-a07b-4507-9d42-a2325a4844fa;Lezemere;2020-09-14 15:00:43.000;408-172-4230;NULL;Cecilius;clezemere19@flavors.me
63b87683-1c30-49e0-86f0-54d00b32052f;2021-02-19 16:42:33.000;23f4d3fc-7192-44eb-a1c6-c3d93eed0a42;Frays;2020-12-07 16:22:46.000;762-260-4960;NULL;Eveline;efrays38@google.com
6514b5a0-6388-4940-b6db-ed6f4e010ad5;2020-10-07 00:13:01.000;1ceb9167-9852-45a7-8109-57b077d8a2e0;Brezlaw;2020-08-20 23:10:14.000;142-118-3385;NULL;Pegeen;pbrezlaw32@csmonitor.com
65b34b30-f96d-4230-b595-0c7c249de7e5;2020-04-29 13:19:00.000;d3dfe1e5-6826-49fe-9bfb-ef1022a20520;Schofield;2020-03-25 13:10:02.000;531-355-5927;NULL;Even;eschofield2k@cmu.edu
6875a4d9-cdc6-43bc-a700-f6916e049e46;2020-08-23 21:24:37.000;f2dfb1e6-43bf-49ac-8d17-e1498079e08b;Heinecke;2020-06-24 21:08:10.000;256-504-1704;NULL;Wynny;wheinecke2l@ebay.com
68e0c8f7-9546-42ed-b327-f67debec10cf;2020-05-10 09:14:48.000;aa61ded6-4588-48dd-9759-1bd36ec5d787;Slayny;2020-04-14 08:50:54.000;929-867-2031;NULL;Tymon;tslayny33@cbc.ca
69d962db-8bf2-4122-a42c-a708e1cc0cab;2020-01-27 14:45:59.000;4747877b-fb7d-4ec1-b42d-6b8f8707c984;Yacobsohn;2020-01-17 13:07:38.000;182-997-6046;NULL;Turner;tyacobsohnt@t-online.de
6aff561d-fbd9-4130-8242-8b9073cc3a03;2020-07-20 04:59:29.000;2466034c-a22b-4b0e-95af-2d34160779bc;Ladon;2020-05-21 04:43:50.000;463-641-7980;NULL;Franz;fladon2c@gov.uk
6b116938-3785-4983-a5d7-33f6af32f0ba;2020-12-07 13:53:43.000;2b514c51-d01b-4d26-be99-4a1fa99bf322;Freeland;2020-09-27 13:44:47.000;326-159-9706;NULL;Dorothee;dfreeland2h@opera.com
6cbe0665-0001-43b3-98af-7cd3909b1b28;2020-08-28 13:32:00.000;f79a5736-1e58-436a-aca9-bc4cf21fef09;Louth;2020-08-08 10:59:36.000;546-362-8647;NULL;Jermain;jlouth3b@altervista.org
6cf2751f-d815-4fbc-b04a-245c1301574c;2020-07-30 19:06:28.000;d502f2e1-d34c-4b82-9834-15e50ab41a1b;Finey;2020-06-06 18:28:24.000;795-164-6766;NULL;Cordie;cfiney2v@constantcontact.com
6d37adeb-4c53-4167-b170-c89e4bd1764a;2020-04-16 03:53:53.000;b3db1ec9-17b7-4b15-8f04-b2077048f428;Lamb;2020-01-08 03:21:05.000;818-387-7153;NULL;Giuseppe;glamb2w@soundcloud.com
6f0c43cb-42af-45e0-83ae-f0ed3b4e2e8e;2020-09-19 23:03:31.000;2aaf2e91-8735-4def-82ca-31dce98ff634;Conklin;2020-08-19 22:55:10.000;481-851-6396;NULL;Lusa;lconklin2r@prweb.com
7025daf6-54d9-44be-8282-7923def85169;2020-04-27 10:19:33.000;4d9d28c3-6e38-48e7-9960-f244a3e72d9d;Van Oort;2020-02-25 08:15:01.000;296-486-1570;NULL;Ulrika;uvanoort2z@lycos.com
707a74bd-593f-4bdc-85e3-b8ff6b538399;2020-04-23 02:54:43.000;8b7e7226-a1e0-4fbf-a0a9-60c38d3e3347;Dodshon;2020-03-25 02:32:25.000;995-857-7646;NULL;Maribel;mdodshon37@kickstarter.com
7091fe90-07da-424c-8da6-24e024503be2;2020-05-13 08:09:47.000;4a9bcc05-a07b-4507-9d42-a2325a4844fa;Petricek;2020-02-20 05:46:49.000;407-316-0158;NULL;Edithe;epetricek2@purevolume.com
7193aa74-ca9f-4769-b290-a817bd2e4266;2020-10-31 01:37:22.000;ea7dd7ad-1905-4873-9890-f1aa90439a29;Guarnier;2020-09-15 00:32:57.000;661-360-3106;NULL;Rollins;rguarnier2n@fc2.com
78955b0f-6e77-44d6-89b5-18097afb0580;2021-02-04 08:17:42.000;02331e89-1736-4f12-85b9-ddd62545214b;Sykes;2020-11-03 07:56:55.000;443-170-6318;NULL;Sibeal;ssykes14@statcounter.com
78fe6452-8a56-4226-ae22-f372116b12ff;2020-07-06 09:28:29.000;632eadda-3e81-492c-8108-d5982aeac84d;Shimman;2020-04-05 08:19:42.000;981-137-8844;NULL;Elroy;eshimman16@flickr.com
79bdfd27-a0a7-4e4f-9d75-0c12c72ce7f1;2020-05-30 01:34:28.000;cdc9b750-8081-441d-9905-339732cbdc4a;Thayre;2020-03-30 23:14:57.000;490-905-1942;NULL;Dorette;dthayre2b@nationalgeographic.com
7be40e37-7a40-40ce-81c8-a5048c8befb1;2021-01-04 17:28:50.000;96a40097-0030-4509-bb52-b3251fdef2b6;Roo;2020-10-12 16:44:44.000;305-998-4341;NULL;Kalle;kroo28@naver.com
7c11eccd-15a9-4b87-875e-b84f39dfe3d6;2020-01-30 18:40:48.000;56078786-b8da-47a0-8a7c-befda74f8cd8;Wittke;2020-01-11 18:28:01.000;840-771-9891;NULL;Paulo;pwittke3c@un.org
7f7ce164-75dd-4d50-ad3f-e4d8846f3d60;2021-01-31 14:35:02.000;131db634-55f8-4fb6-98f3-624ec32a94b8;Mylan;2020-12-02 12:13:33.000;939-834-5989;NULL;Betsey;bmylan7@cbslocal.com
7f89df2d-6f1e-4f67-83a1-40d2b8ec56b0;2020-05-30 12:07:11.000;56078786-b8da-47a0-8a7c-befda74f8cd8;Baldwin;2020-03-01 11:38:17.000;178-832-6419;NULL;Theodora;tbaldwin2j@umn.edu
82a0b2f1-4124-4330-977b-9bddba44ec13;2020-03-31 05:53:00.000;bfee6b0f-d8ea-4626-9786-a0e1497bd07b;Gorini;2020-01-17 04:30:01.000;198-746-1391;NULL;Egan;egorinie@yolasite.com
85362f90-0066-4b3b-b0d5-2e919acda80d;2020-06-07 07:12:29.000;4934ebb8-8950-4bd0-87ba-a1532716e54d;Skerritt;2020-04-27 06:55:41.000;611-405-9278;NULL;Millisent;mskerritt3a@cam.ac.uk
89dd1d56-f177-4b28-86c8-b7d1beeff4a8;2020-04-27 06:05:58.000;7e949772-ab43-447f-a79d-3707a1793ed0;Lubbock;2020-03-24 05:54:49.000;742-409-9513;NULL;Kelsi;klubbock10@pbs.org
8ac6bb3e-7dc0-4cdb-90f2-a31db50547db;2020-05-06 06:16:01.000;b2b4d6cd-3c94-40e0-99aa-9dd9ba011ca6;Diego;2020-03-06 03:49:34.000;793-208-7745;NULL;Lorelle;ldiego5@nps.gov
8af678e5-c051-4ca2-88f3-4c903d77a3f6;2021-01-26 00:16:07.000;ec7b6cfc-530f-40ed-bfa5-e3caa3b7ecbe;Connaughton;2020-11-15 22:02:22.000;680-757-2743;NULL;Yehudi;yconnaughton31@canalblog.com
8d8916e6-9820-49aa-bde8-8657dcfa7395;2021-01-15 18:28:14.000;23f4d3fc-7192-44eb-a1c6-c3d93eed0a42;Vella;2020-10-31 18:23:33.000;959-739-2416;NULL;Corbet;cvella1i@samsung.com
8f61f71f-2321-4365-a17d-8e808b3151d2;2020-12-03 19:24:36.000;f79a5736-1e58-436a-aca9-bc4cf21fef09;Stower;2020-10-31 18:20:26.000;995-770-2052;NULL;Ariel;astoweru@cbsnews.com
9208a361-ea2f-4f75-a2b4-281b55df08a9;2020-04-08 20:11:54.000;76f13d82-1273-4144-8a41-45fc836c3540;Oliva;2020-02-11 20:00:29.000;498-625-6452;NULL;Johnath;joliva9@taobao.com
93908a68-20b7-44ba-b6c1-6f4cc57d7726;2020-07-01 06:03:37.000;9285957a-e1fd-4205-960e-f739a9c7dfd2;Tunno;2020-03-28 05:23:54.000;360-272-8530;NULL;Audrie;atunno3k@t.co
96aa719e-c5a3-4645-ba89-16c304fb59b0;2020-12-24 06:18:18.000;f2dfb1e6-43bf-49ac-8d17-e1498079e08b;Kennan;2020-11-01 03:59:52.000;902-299-4393;NULL;Silvia;skennan2a@creativecommons.org
96ca8e55-2cbd-4c9b-9540-ff0ac6309797;2020-03-23 14:26:20.000;27b514cc-7ff4-4451-b1ba-27bb2f5011c8;Lowdiane;2020-01-19 12:54:22.000;228-161-8846;NULL;Chaddy;clowdiane12@flickr.com
97fec509-ddfd-468b-8c39-ece964fdbcf1;2020-11-15 05:28:49.000;994b670f-e529-4a97-9826-448f7f9fbf80;Zwicker;2020-11-12 03:42:03.000;916-863-2724;NULL;Leonora;lzwicker3e@intel.com
9cfa05e2-606b-4080-8bac-96e3986f1704;2020-10-19 19:53:00.000;e71bd22e-7711-405f-9d7e-2a7824d68a6a;Silson;2020-08-11 19:02:42.000;169-893-0670;NULL;Joshuah;jsilson1o@infoseek.co.jp
a49a996a-10c4-4a7c-8f87-421c0d5209b9;2021-01-22 06:07:37.000;47e8e06d-0612-4af0-89ed-48deafa4857a;Brodley;2020-11-17 05:59:34.000;416-264-1505;NULL;Atalanta;abrodley21@imdb.com
aa2bd310-8be1-4b6c-a852-2789d8652ac7;2020-05-03 17:28:08.000;8a46a3e5-4428-4744-855c-19d435fcf7af;Malecky;2020-04-13 14:59:31.000;502-635-5352;NULL;Kaja;kmaleckyn@princeton.edu
ab21c3fa-34c7-4858-bee5-193775913caf;2020-04-01 12:19:52.000;6b49d7c6-6ede-4a8a-ade1-ec5888c7ce14;Wrankmore;2020-04-01 11:01:25.000;118-153-0530;NULL;Danella;dwrankmore3@europa.eu
ab6cf98c-c16e-41b7-88ab-31f4db64caa2;2021-02-16 21:27:46.000;965dbeea-a6d5-467d-9683-914b744ad1ef;McBratney;2020-11-25 19:30:42.000;728-793-1630;NULL;Reider;rmcbratneyc@hibu.com
ac8cea7f-30b1-498d-8baa-d5ea2b32d138;2020-06-09 16:55:42.000;25caf41f-ca5a-4cbb-bc2c-b5d9fcebe66b;Stonman;2020-03-27 16:43:07.000;818-288-9094;NULL;Christen;cstonman36@meetup.com
ae9e2ae5-5044-4006-b83d-a3475530025e;2020-12-06 16:49:54.000;dfc2941f-aef1-4c70-a7f6-8105dda578f5;Divers;2020-10-12 15:27:33.000;830-974-4111;NULL;Stanton;sdivers2p@msu.edu
b3367c91-53bd-4aac-ab6d-0a596fe382c2;2020-10-24 01:52:23.000;a81e134c-8135-44ab-bda4-66b29e5175ca;Esposi;2020-09-10 01:29:05.000;364-546-7274;NULL;Klement;kesposi2s@twitter.com
b49e6c79-09ad-41b2-9ed6-44570f83a3f8;2021-01-15 08:47:42.000;7986bf80-2ce5-4fac-8e06-fc6db16dd2d9;Cobbe;2020-12-17 06:42:34.000;897-964-5162;NULL;Enoch;ecobbe26@google.nl
b60b4bf2-44e4-4232-902b-79a50d448f8b;2020-04-19 06:37:21.000;4da64e4e-655c-4fbe-bee2-3eb1014ace1b;Joule;2020-01-19 05:01:40.000;278-429-1961;NULL;Izak;ijoule1p@delicious.com
b6b40cce-8d02-4fe5-8bee-5eadbcb56a01;2020-04-17 11:31:07.000;c9a6e260-e379-4b26-a36d-cf97e0eb03bc;Down;2020-02-17 09:50:47.000;378-881-4300;NULL;Izaak;idown24@dedecms.com
b84e37bd-016f-4bd7-ab63-0ba81c57ea9a;2020-04-27 16:54:44.000;68a5c312-2205-45ec-ace1-166ff3f4b572;Burrell;2020-02-06 15:04:31.000;626-616-5850;NULL;Alexandros;aburrell20@marketwatch.com
b8e0e25a-412e-4b8c-aaa2-eb1b46036424;2021-03-08 02:13:00.000;957af504-cee3-4f3a-8f5a-eb5a5bd23b16;Gilmore;2020-12-18 01:52:22.000;164-927-2391;NULL;Gabriell;ggilmore3f@yolasite.com
b9287f6c-c865-49bb-a3c9-da47bbdf3a90;2020-05-28 07:37:03.000;04ac071b-da39-463c-ac62-e996547407c9;Cooch;2020-05-04 05:36:37.000;276-324-3787;NULL;Chrissie;ccoochb@imageshack.us
baaf00b6-da56-44af-8c70-97269472e6f3;2020-07-22 06:52:21.000;24b83ef4-4f28-408a-bea9-171ddaf094a7;Tampen;2020-06-27 05:49:59.000;342-867-8012;NULL;Margalo;mtampen34@squidoo.com
bbe518c7-5ea8-444e-acef-6c18be8336bc;2020-10-22 05:45:17.000;47e8e06d-0612-4af0-89ed-48deafa4857a;Holborn;2020-09-25 04:55:55.000;994-257-0814;NULL;Urbanus;uholborn35@e-recht24.de
bbe51ac6-6687-4cbe-9178-27d96f90836b;2021-01-30 22:49:31.000;7a4821e6-4e7a-4894-bb35-70ffcf0c3aa8;Hearmon;2020-10-23 20:21:57.000;831-155-1615;NULL;Keslie;khearmon0@netvibes.com
bf7367be-d029-4255-81a1-3a295eeb9c56;2020-08-12 16:16:55.000;2ccdea45-e41c-4845-8252-50c2f568e0db;Petroff;2020-06-23 14:03:13.000;236-525-7056;NULL;Grenville;gpetroff2e@jalbum.net
c0f02267-3aca-4878-a0f9-3fe516f9ec17;2020-08-14 17:43:20.000;131db634-55f8-4fb6-98f3-624ec32a94b8;Grievson;2020-06-15 16:28:19.000;630-813-1942;NULL;Esteban;egrievsonv@merriam-webster.com
c3a44de4-e6c8-4d02-93df-aff409356087;2020-11-19 19:14:56.000;9b6a4ed6-6c27-4102-8d5f-5db7435e80ee;Pinor;2020-09-09 19:11:23.000;104-830-5926;NULL;Eleonora;epinorl@infoseek.co.jp
c42fc8e5-9ab6-4fbf-84bf-40ff309bf24c;2020-04-25 12:11:55.000;71aa45c1-ce05-43b5-a52a-6145ab435c69;Crosfield;2020-03-03 10:14:43.000;271-532-1961;NULL;Chloette;ccrosfield15@bizjournals.com
c4706c3b-a72a-4a8e-8a54-55c6b0238f86;2020-08-26 02:25:18.000;96a40097-0030-4509-bb52-b3251fdef2b6;Reary;2020-08-21 00:26:58.000;347-811-6953;NULL;Jeni;jreary29@tripod.com
c4f8645d-471d-4c3b-aa5c-dd2f30115669;2020-04-16 07:14:35.000;47e8e06d-0612-4af0-89ed-48deafa4857a;Lovelace;2020-04-10 06:11:22.000;290-500-3569;NULL;Homere;hlovelace13@163.com
c9d5048d-4879-4c2f-865f-3a971f3eea4e;2020-07-22 15:22:20.000;f785f0ae-f5d7-49a8-a4b7-95b470f7cb63;Elcoux;2020-07-16 12:39:03.000;812-545-8408;NULL;Carie;celcoux1q@zimbio.com
cf7fec7a-ccca-4f66-9b3f-137d89a4a5ce;2020-10-23 16:05:32.000;e40b6557-536e-478e-a405-eed9959aa9f7;De Simone;2020-07-16 15:31:01.000;753-688-7731;NULL;Roy;rdesimone1l@sun.com
d055abf7-ba8e-463b-975a-c5cb10f6d8eb;2020-06-03 15:22:21.000;ed96dbd0-193e-4906-ae8b-904f50bcb57a;Labrenz;2020-04-28 14:30:38.000;688-300-9734;NULL;Timoteo;tlabrenz4@cisco.com
d165b2ff-dfe1-40d0-bda0-a25e82b95870;2021-02-06 15:06:15.000;280bb1a8-d59e-4ada-b479-a4d47163130e;Alyukin;2020-12-05 13:59:20.000;531-398-6461;NULL;Monro;malyukin1d@printfriendly.com
d1f08820-32e6-4a31-abba-5aa533bc15a9;2021-01-26 13:04:54.000;42e017a2-ca97-4f71-bf3c-d32605ef9d43;Blumson;2020-12-18 11:46:04.000;210-173-2831;NULL;Alie;ablumson1n@pinterest.com
d550fa36-ab93-4a07-a7ad-bb6f395b5a50;2020-06-17 20:58:28.000;0c9ee6c6-4869-40aa-afd3-087cee73c051;Jennaway;2020-04-03 19:39:39.000;727-494-8394;NULL;Kip;kjennawayp@slideshare.net
d78268b1-7168-49f4-8f6f-db436afb5a6f;2020-07-20 22:43:36.000;71c60b11-0457-40c4-91ca-b86e0631f1eb;Geydon;2020-05-10 20:00:26.000;478-501-0337;NULL;Zondra;zgeydon2m@tiny.cc
db41a6d4-70fc-43b1-82a5-393b46a2bdfa;2020-10-01 03:31:16.000;2c7bd191-c7c9-45d3-9dd0-612320bd9817;Josefs;2020-08-31 01:19:00.000;753-709-5477;NULL;Tiebout;tjosefs1c@wordpress.org
dbc936d7-51da-4dfa-9dd9-7ce399b466df;2020-07-11 10:24:52.000;02331e89-1736-4f12-85b9-ddd62545214b;Pengelley;2020-07-07 08:51:55.000;622-392-9926;NULL;Zita;zpengelley1f@statcounter.com
dc41b3dc-c270-46ce-a7b7-1f27c178765c;2020-11-07 13:40:43.000;b2b4d6cd-3c94-40e0-99aa-9dd9ba011ca6;Webborn;2020-09-01 11:48:06.000;602-434-1475;NULL;Daveta;dwebbornf@loc.gov
e09e27fe-72e3-4359-809e-43acf4976f55;2020-12-17 07:33:38.000;b75f3aaf-a993-400a-af77-389c1d1187a9;Bragg;2020-09-30 04:49:47.000;982-627-9006;NULL;Shaina;sbraggw@reddit.com
e0d9d6a2-d95a-4c56-b2df-654eca4d3bae;2020-07-17 02:10:41.000;dfe1082c-cb08-497f-9af9-9a7cf0aa70b5;Sleep;2020-05-18 23:26:12.000;245-980-2405;NULL;Dorey;dsleep1m@harvard.edu
e3302139-c0ba-4715-9c35-68dde8347b56;2020-08-01 06:50:34.000;4934ebb8-8950-4bd0-87ba-a1532716e54d;Ashlee;2020-05-12 05:02:27.000;156-469-8641;NULL;Iormina;iashleeh@linkedin.com
e512189a-15a2-4325-b41d-6092f5c03bc9;2020-09-20 15:30:23.000;53983579-4a64-432a-941e-c3d9c886bd77;Segoe;2020-08-24 12:52:18.000;559-536-6443;NULL;Verina;vsegoei@geocities.jp
e879df28-ff9c-4900-b99c-c769ec349316;2021-03-10 03:58:54.000;dfe1082c-cb08-497f-9af9-9a7cf0aa70b5;Guillot;2020-12-19 01:34:57.000;395-664-9207;NULL;Leelah;lguillot3j@spotify.com
e93257ac-2915-409b-a527-f8d5a089f155;2020-10-25 18:38:30.000;96a40097-0030-4509-bb52-b3251fdef2b6;Pothbury;2020-08-17 17:58:26.000;645-862-5365;NULL;Wells;wpothbury1t@nih.gov
eafe1c71-6ae0-4add-b9d9-34d9c5d00c50;2020-02-22 14:30:37.000;9b6a4ed6-6c27-4102-8d5f-5db7435e80ee;Stiell;2020-02-15 12:59:09.000;482-479-5696;NULL;Gayla;gstiell2f@nationalgeographic.com
eb8ac155-9558-47a2-ad5d-3a2518ec563c;2020-10-10 06:11:13.000;dd1048ba-46a5-4d80-a7e1-b1592c161a4c;Kernan;2020-09-24 05:33:20.000;879-706-2066;NULL;Gerhard;gkernan1@51.la
edbbae4b-6354-4a0b-9d43-d74c3f67b5de;2020-08-12 11:18:40.000;c9a6e260-e379-4b26-a36d-cf97e0eb03bc;Kollaschek;2020-07-01 10:48:32.000;288-504-3014;NULL;Ed;ekollaschek2q@tuttocitta.it
ee92f1cf-3bcf-4cea-a8d4-ac5ce812de46;2020-07-20 12:58:23.000;959fc946-4baf-457f-8290-2a7d0e7fc3f7;Rennick;2020-05-25 11:06:42.000;443-971-9075;NULL;Antonina;arennick1s@census.gov
f36630d8-e3d9-4e23-acc0-ffd86e661c26;2020-12-10 23:41:08.000;3a286955-76c1-4b50-b5fc-61e4e4e3be4d;Zanetto;2020-09-05 22:08:58.000;390-470-2417;NULL;Skippie;szanetto2t@miibeian.gov.cn
f37282a8-5c04-44bb-a9e6-fe9ed2eed6e2;2020-10-25 18:51:39.000;f2dfb1e6-43bf-49ac-8d17-e1498079e08b;Goodin;2020-10-08 17:41:16.000;323-547-6616;NULL;Queenie;qgoodin2y@jiathis.com
f47ac0f5-2afa-4e71-8328-bd881947159b;2020-07-07 01:27:00.000;4934ebb8-8950-4bd0-87ba-a1532716e54d;Schimke;2020-05-08 23:00:37.000;240-364-2403;NULL;Hermine;hschimke25@nationalgeographic.com
f9178203-61c0-4597-9070-6dc453ada601;2021-01-02 03:23:37.000;d502f2e1-d34c-4b82-9834-15e50ab41a1b;Noods;2020-10-24 02:39:20.000;867-669-4707;NULL;Ofilia;onoods1x@usgs.gov
